column number,score,column
0,0.09245,-----M-------
1,0.08419,-----S-------
2,0.08503,-----T-------
3,0.08717,-----N-------
4,0.08713,-----Y-------
5,0.08545,-----T-------
6,0.08411,-----A-------
7,0.08505,-----I-------
8,0.08596,-----N-------
9,0.08823,-----H-------
10,0.08523,-----I-------
11,0.08355,-----L-------
12,0.08921,-----H-------
13,0.08687,-----F-------
14,0.08922,-----H-------
15,0.09082,-----S-------
16,0.09574,-----P-------
17,0.09957,-----N-------
18,0.12194,-M---S-------
19,0.13484,-A---C-------
20,0.14230,-E---F-------
21,0.14687,-I---L-------
22,0.21458,-N---M--M----
23,0.19216,-K---I--V----
24,0.20787,-Q---M--A----
25,0.24122,-S---S--S----
26,0.22649,-N---L--E----
27,0.24762,-K---E--I----
28,0.31673,-WM--F--K---M
29,0.37270,-EDMMEM-S---E
30,0.40698,-QVQEQE-PM--E
31,0.43736,MEHINMVMVV--K
32,0.49997,SEDEDDEESH--D
33,0.49112,LVLMMEMVVV--V
34,0.47888,PSSEEAHEPSMMY
35,0.52434,ENEEENGEESEET
36,0.45491,TEEKKRDETSSEQ
37,0.36166,KNA--LVVPHKQD
38,0.42427,SNK--SSSGGGSG
39,0.32896,D-R--AKRSASK-
40,0.21309,--G-----S----
41,0.20375,--V-----S----
42,0.17316,--I-----V----
43,0.16973,--H-----H----
44,0.15761,--T-----H----
45,0.14834,--S-----R----
46,0.12599,--------K----
47,0.12156,--------Q----
48,0.11041,--------L----
49,0.11034,--------S----
50,0.10877,--------V----
51,0.11138,--------F----
52,0.11207,--------F----
53,0.11011,--------I----
54,0.11117,--------E----
55,0.11100,--------S----
56,0.11164,--------D----
57,0.11237,--------N----
58,0.11072,--------R----
59,0.11002,--------R----
60,0.10494,--------L----
61,0.10610,--------A----
62,0.10399,--------L----
63,0.13722,--------G----
64,0.16570,--------R----
65,0.18527,--------G----
66,0.36540,DWE--WWWYKWN-
67,0.34733,IEE--NEETDTK-
68,0.35436,LLS--GGGGGVI-
69,0.31224,LAL-----GSAS-
70,0.34851,DED-----TEDE-
71,0.32102,-ED-----TE-E-
72,0.27186,-EL----------
73,0.43758,ASCFFYYYPAAET
74,0.49900,WVVEEVAAVYVKV
75,0.61843,DDDDDDDDNDDQD
76,0.62067,FWFWWWWWIYYLI
77,0.66618,QRRRKRRRHRKHH
78,0.59849,GGGGGSNNGGGGK
79,0.62262,RRRKKRKRKNRRN
80,0.61231,PPPEEPAAPPPPP
81,0.35404,--------I----
82,0.55119,ASCAAAAAAPA-A
83,0.50549,DNRIILLVNDDNN
84,0.53438,RPPSPRRKLKKRK
85,0.59560,SNSGGGGGSSSPE
86,0.69660,KKKKKRRRKKKKK
87,0.70386,THHHHHHHTTT-T
88,0.72133,GGGGGGGGGGGGG
89,0.70496,GGGGGGGGGGGGN
90,0.66817,WMTIIMMMWWWLW
91,0.56435,ARRKRLLLILIIK
92,0.59739,SAAAAAAAAGTTA
93,0.64811,AAAAAAAAAAAMC
94,0.50736,ALLFSSSSFGAPR
95,0.62027,MFFIIFFFFLLFF
96,0.61020,IVVAVVVVIIIII
97,0.61930,LLLCCLLLFLLFL
98,0.57736,CGGVVVAVGGGAG
99,0.52524,ILFVVVVVNSINN
100,0.64109,EQQEVEEEEEEEE
101,0.51826,AAATMVIIMLVIC
102,0.52380,VFFMMLLLASVCC
103,0.69687,EEEEEEEEEEEEE
104,0.59127,RIMNNNNNRRRKR
105,0.60915,LMMMILLLMILLL
106,0.55915,TGAVVAAAACSAA
107,0.55266,TIIFFFFYYVTVY
108,0.49434,LAALILLLFMMVY
109,0.57631,GAAAAAAAGGGGG
110,0.52416,IVVCNNNNLIIFM
111,0.57358,GGGSGAAASSAHG
112,0.54871,VNNTFSSSVMVAT
113,0.70886,NNNNNNNNNNNNN
114,0.65477,LLLFFLLLMLLML
115,0.66099,VIIMVVVVVVVIV
116,0.54912,TTTMKLLLATTSN
117,0.67743,YYYYYYYYFYYYY
118,0.54769,LVVFFLLLMLLLL
119,0.46674,TIFTMSKRFVMTE
120,0.51972,GNNKGTNEYGETS
121,0.43781,TEESSKFYVDTQR
122,0.63910,MMMMMMMMMLMLL
123,0.63822,HHHNHGHHHHHHN
124,0.52613,LFFYYFMMRILLQ
125,0.60178,GPPSTSSSPSPPG
126,0.53940,NLLTPPLPFSSLN
127,0.55728,ASSPASASEASTA
128,0.58370,TKKKTGRKSKTKT
129,0.63145,AASAAASSSSSAA
130,0.65780,AAAAAASASAAAA
131,0.69150,NNNTNNSNNTNNN
132,0.55146,TILMMAEDAIITN
133,0.70962,VVVVVVVVVVVLV
134,0.71368,TTTTTTTTNTTTT
135,0.67041,NNNNNATNNNDNN
136,0.77042,FFFFFFFFFFFFW
137,0.60322,LVIVMMMMLMMAS
138,0.68994,GGGGGGAGGGGGG
139,0.69089,TTTTTTTTITTTT
140,0.54895,SIVSSAAASLSSC
141,0.62072,FFFFFFFFQNFSY
142,0.55660,MILLLFLLALLLI
143,0.57109,LFLLLLLLSLLTT
144,0.55692,CASTTAAASGCPP
145,0.62434,LLLILLLLVLLLL
146,0.65890,LLLFFLLLLLLLI
147,0.71956,GGGGGGGGGGGGG
148,0.69877,GGGGGGGGGGGAA
149,0.77127,FYFFFFFFFFFFF
150,0.68477,ILLVILLLLLLII
151,0.71813,ASSAAAASAAAAA
152,0.76772,DDDDDDDDDDDDD
153,0.66522,TASSSAAAAASSA
154,0.70736,FFYFFFFFYKFFY
155,0.64409,LLLLVFFFLLLAL
156,0.63542,GGGTTTSSGGGGG
157,0.64227,RSSRHTTTRRRRR
158,0.69488,YFFFFFFFYYFFY
159,0.53386,LWRATHVQWKKWW
160,0.60980,TTTATIIITMTTT
161,0.59465,IIMFFYFFIVIII
162,0.48341,AILVILLLAAGTA
163,0.53912,IIVLVVIIIIIFT
164,0.60407,FFFFFSSSFSFAF
165,0.50829,AGGGCAAATASSV
166,0.50306,AFVSCASSTSTIF
167,0.60792,IVIIIIIIMVIII
168,0.60166,QEEEEEEEYTQYY
169,0.51799,ALILLFFFLAAQV
170,0.53025,TSSLMLLLVLLIS
171,0.64688,GGGGGGGGGGGGG
172,0.54232,VFFLLLLLLVTMM
173,0.55156,SIIIIMIIILGTT
174,0.52723,ILLMLVLIGLALL
175,0.62192,LLLLLLLLILLLL
176,0.63605,TSSTTTTTTTATT
177,0.57484,LVVLFVIILVVIL
178,0.59776,SQQQQQQQGAASS
179,0.64064,TAAAAAAAATTAA
180,0.54643,IHHHHHRRSTKIS
181,0.49855,ILLINERTLILIV
182,0.58206,PPPTPHPPKSPPP
183,0.51767,GQEKKSSSMSETG
184,0.55095,LLLLLTLLFMLLL
185,0.46567,RKRQLEMMVRRRK
186,0.62762,PPPPPPPPPPPPP
187,0.29948,--------D----
188,0.30983,--------Q----
189,0.49198,PPPQE-PPSPPPG
190,0.34598,RKEGK-PSNITPN
191,0.52668,CCCGD-CCCCCCC
192,0.46794,NNNKK-KDGDHKN
193,0.36281,PPMKT-SSQDHGA
194,0.34898,TLKPP-SPLFGED
195,0.37399,TISSS-ATSREET
196,0.28892,SDTTT-A-LRAVC
197,0.27528,SQT---L-LL---
198,0.29915,HTI---R-LH---
199,0.28399,--H-----GH---
200,0.27832,--------NQ---
201,0.49946,CCC---CCCCCC-
202,0.42613,EEV---EEEIIV-
203,0.44951,QEE---VEEEPVH
204,0.48774,AAA---VVAAAAP
205,0.44176,SKN---GSKNTDN
206,0.46399,GGG---GGSGATS
207,0.45979,IFYPLWSSWHFAS
208,0.57604,QKKQQSKKQQQQQ
209,0.49474,LAASSRAAMLMLT
210,0.52099,TMATAVAALATSA
211,0.53445,VITVIFFMYLIIV
212,0.62913,LFLLLLLLLLLLF
213,0.69276,YFYFFFFFYYYYF
214,0.64016,LMTTTVVVTVVVV
215,0.61359,AAAGGGGGVASAA
216,0.69964,LLLLLLLLLLLLL
217,0.68627,YYCYYYYYYYYLY
218,0.58334,LLLAALLLITLLM
219,0.60857,TVVIMVVVTIIGI
220,0.63109,AAAAAASAGAAAA
221,0.61914,LLLIILLLFLLLL
222,0.70232,GGGGGGGGGGGGG
223,0.55888,TSSVTVIVAGTST
224,0.67977,GGGGGGGGAGGGG
225,0.69496,GCCGGGGGGGGGG
226,0.62995,VVLVLIIIIILII
227,0.70442,KKKKKKKKRKKRK
228,0.61014,APPGAGGGPSSPP
229,0.65937,SNNSSSSSCNSCC
230,0.60872,VMILLLLLVVIVV
231,0.60163,SIIPPPPASSSVS
232,0.61441,GASASPSSSGGAS
233,0.72256,FHHHHHHHFFFFF
234,0.73851,GGGGGGGGGGGGG
235,0.68847,SAAGGAAAASSAA
236,0.73395,DDNDDEEEDDDDD
237,0.79374,QQQQQQQQQQQQQ
238,0.72153,FFFIIFFFFFFFF
239,0.66704,DSQGDDDDDDDDD
240,0.61701,EQRTREEEETDEE
241,0.52335,TSKRREGSKSKSN
242,0.53402,EHDNNTTTSDDDD
243,0.51808,PPLQPSPPKPPPE
244,0.49253,KK---SKKDKKNN
245,0.49796,EQ---GGGYEEQE
246,0.47790,RS---RRRKEKTK
247,0.49711,SKRRRRKKTKATI
248,0.53630,KRKLLQQQHQHKK
249,0.52124,MLLIIRRRLMMTK
250,0.58279,TSSSSSSSDIAWS
251,0.57533,YSSGRFTTRFFNS
252,0.72238,FYFFFFFFFFFYF
253,0.75934,FFFFFFFFFFFFF
254,0.74793,NNNNDNNNNNNNN
255,0.68743,RAAWWYYYFRRWW
256,0.68167,FAAYLFYFFFFYF
257,0.65783,FYYFYIVVYYFYY
258,0.67960,FFFFFFFFLFFFF
259,0.62007,CAASSSCCSSFCS
260,0.57029,IFFVILLLVIIMI
261,0.55021,NSSCCSSATSSGN
262,0.53654,VMMLSCCCLVMAV
263,0.61753,GGGGGGGGGGGAG
264,0.50889,SEQGCAAAASTVA
265,0.61890,LLLFLLLLILLLL
266,0.60101,LIILLIVVIFLLI
267,0.68997,AAAAAAAAAAAAA
268,0.61474,VLLVVVVVFVVVA
269,0.70864,TTTTTTTTTITTT
270,0.63527,VLLLVVFFLAVVV
271,0.65389,LLLMVVVVVLLLL
272,0.71665,VVVVLVVVVVVVV
273,0.76030,YWWWWWWWYYYWW
274,0.64120,VVVIILILVVMII
275,0.71908,QQQEEEEEQQQQQ
276,0.66914,DTTEEDDDMDDDM
277,0.65262,DHHNKNNNENENN
278,0.58676,VSSIKKKKLVVVV
279,0.69377,GGGGGGGGGGGGG
280,0.69797,RMMWWWWWWRRWW
281,0.55664,KDDSISEEGGSGG
282,0.62182,WIVSWYWWMWWLW
283,0.62800,GGGSSGGGAGAGG
284,0.65949,YFFFFFFFFYYLF
285,0.66259,GGGTNGGGGGGGG
286,0.63375,IVVIIVVVTIIIV
287,0.62287,CSSSSSSSLSCPP
288,0.62962,AAATVTTTAATTT
289,0.54286,FAAAGAIIVAVVV
290,0.53339,AAVVIASAATSAA
291,0.60813,IMMLLIIIMMMMM
292,0.46763,VTAAALFFGVAFV
293,0.45729,LMASTILVIVILI
294,0.53361,AGGAASSSSAASA
295,0.47493,LIMILVIINAIVV
296,0.45259,SIIFCPLLAIVIC
297,0.47493,VSSVIVVILVIAF
298,0.62174,FLLFFFFFFLFFF
299,0.55449,LVVVTLLLFLLVF
300,0.51556,ASAAVALSACCGF
301,0.67195,GGGGGGGGGGGGG
302,0.59589,TTTCLSSSTTTFS
303,0.58523,NMSPPRRRPKKQR
304,0.59625,RYFMFVFFLRRLF
305,0.72329,YFYYYYYYYYYYY
306,0.69471,RRRRRRKRRRRRR
307,0.62723,FNNFFLNNHFYHL
308,0.63416,KKKKKKKKRKKLQ
309,0.53906,KRPRRVIILKKVR
310,0.66485,LPPPPPPPPPSPP
311,0.51447,IRSANSRCGKQAG
312,0.67231,GRGGGGGGGGGGG
313,0.73894,SSSSSSSSSSSSS
314,0.70470,PIIPPPPPPPPPP
315,0.62643,MFFLLILLLFVFL
316,0.68294,TTTTKTTTTTVTT
317,0.60002,QPPRKTTTRTQRR
318,0.61303,VIIIILIIVIILI
319,0.56706,AAAVAFFLAWFIF
320,0.55383,AHQNIKKKQRQQQ
321,0.67824,VVVVVVVVVVVVV
322,0.57545,IIFFILLLLGIGI
323,0.54936,VVVVITLLVFAVV
324,0.62012,AAASSAAAALAAA
325,0.66951,AAAAAAAAAAAAA
326,0.55255,WIIAALSSFWFFF
327,0.55662,RLTRRYIVRKRRR
328,0.59328,NKKNNAVKKKKKK
329,0.56087,RRRRRKSCRRRRI
330,0.53791,KKKNNYCCNKKKS
331,0.41001,LLQRKKSSAEMLV
332,0.44034,EAIFSKSSASERK
333,0.37395,LSCVDRKGFYLMV
334,0.46569,PPPTLRTSTPPVP
335,0.46947,ASSDDTSSSAQSE
336,0.49283,DDNAESSSSHSDD
337,0.49833,PPPEERNNEPIPK
338,0.40525,SRNVMIHAFSVSS
339,0.43501,YMMVMVFVILYLL
340,0.37223,LLVTRVTAGLLLL
341,0.24499,-------SL----
342,0.30841,Y------MY--Y-
343,0.23642,D------SE--F-
344,0.24564,V----T-VV--N-
345,0.24951,DH---C-SP--D-
346,0.12137,-------P-----
347,0.10827,-------S-----
348,0.08941,-------N-----
349,0.06872,-------H-----
350,0.06862,-------C-----
351,0.06482,-------V-----
352,0.06545,-------S-----
353,0.06518,-------K-----
354,0.06293,-------G-----
355,0.06465,-------K-----
356,0.06465,-------K-----
357,0.06441,-------E-----
358,0.06423,-------V-----
359,0.06832,-------E-----
360,0.09234,-------S-----
361,0.11563,-------Q-----
362,0.15199,-------G----F
363,0.27478,DG---HSEG--EE
364,0.28964,ID---TRLL--IT
365,0.31426,IHH--REEK--DA
366,0.32405,AHQ--NVKS--AD
367,0.37346,AVP--DQPA--PD
368,0.35090,EAS--CSRI-YIE
369,0.35831,GNTQ-DEQN-ESS
370,0.37391,SDDNGDHE-ND-N
371,0.29987,MVLHLSEE-GN-I
372,0.32097,KVVNIVEA-YP-K
373,0.32752,GPRSSTKLGDELG
374,0.35527,KSVTIKTPSNGGS
375,0.34867,QSKDYQPPRTIGR
376,0.46161,KTPKKNSRKTRKK
377,0.43035,LLLSNCQAIVILL
378,0.42777,PPLINDSQPPETV
379,0.57015,HHHHSGLLHHHHH
380,0.57660,TTSHHDTTSTTTT
381,0.52756,EPNNNDNNNEDKD
382,0.42467,QRKKKGSSDMQHN
383,0.53357,FFFFLFLLFLFML
384,0.27625,-----L-------
385,0.28333,-----G-------
386,0.48851,RRRKKSTKIKHSK
387,0.52230,SFFFWFCVWCLFF
388,0.60733,LLLLILLLLLLLF
389,0.65606,DDDNDGNNDDDDD
390,0.65179,KKKKKEKGKKKKK
391,0.64893,AAAAAVAAAAAAA
392,0.53623,ACCKTVIAAAAAA
393,0.49867,IIILLREDLIIIV
394,0.46223,RKKNNEGEESVVE
395,0.36345,DITNKRKKLKATS
396,0.42229,QQQKNETPKNEEQ
397,0.35158,EDGIISHVEEGES
398,0.20392,---------SD--
399,0.19209,---------SF--
400,0.20381,---------PEDD
401,0.21040,A--------SQNS
402,0.20583,G--------STLI
403,0.22810,V--------KLKK
404,0.30226,TT------DDDPD
405,0.29237,SNK-----GFGGG
406,0.19354,----------V--
407,0.30153,NTA-----LEAQ-
408,0.35474,VKM--L--EEIIE
409,0.42003,FEE--P--PKPPV
410,0.49443,NSS--RHHSDNNN
411,0.53052,KPP--PIRPPPHP
412,0.62411,WWW--LWLWWWWW
413,0.54309,TRR--RLLKIKRR
414,0.55011,LLL---EELVLLL
415,0.65409,SCC--CCCCSSSC
416,0.66468,TTTSSTTTTTSTS
417,0.60068,LVIAEEVVVVVVV
418,0.68077,TTETTEQQTTTHT
419,0.67549,DQQQEQQQQQKRQ
420,0.73047,VVVVVVVVVVVVV
421,0.71763,EEHEEKEEEEEEE
422,0.69034,EQQEEDDDEEEEE
423,0.65189,VVVTTVVVVVVLL
424,0.69020,KKKRRKKKKKKKK
425,0.56110,QTITTIIIILMSS
426,0.55233,ILLFFVVVLVMVI
427,0.56699,VILLLILLIMVII
428,0.54244,RSSAGKKKRKRRT
429,0.60925,MLVLLIMMLLLML
430,0.59307,LVILLLLLIVLGL
431,0.74037,PPPPPPPPPPPPP
432,0.71337,IIIIIIIIIIIIV
433,0.69074,WFFFFFFFPWWGW
434,0.66926,AAAGGMGATAAAA
435,0.69480,TSCSSSCCCTTST
436,0.66686,CTTTTTTTTNTGG
437,0.73313,IIIIIIIIIIIII
438,0.63774,LVIIVMMMMLILV
439,0.66398,FFFMMLLLLFFLF
440,0.63842,WNNNSNNNSWWIA
441,0.65521,TTTCCCCCLTTTT
442,0.61794,VIICCCCCVITAV
443,0.63382,HLLVVLLLLYYYY
444,0.63700,AAAAAAAATSAAS
445,0.71820,QQQQQQQQEQQQQ
446,0.65726,LLLMLLLLYMMQM
447,0.58610,TQQGSSSSLTIGS
448,0.75261,TTTTTTTTTTTTT
449,0.66372,LFFFFFYFLFFFM
450,0.70750,SSSSSSSSSTSSF
451,0.69564,VVVVAVVVVVVLV
452,0.64523,AQQQQQHQQEEQL
453,0.74791,QQQQQQQQQQQQQ
454,0.63163,SGGGGAAAAAAAG
455,0.56050,ESSMMSAAYTSKN
456,0.61991,TSSVLTTSTFTTT
457,0.66951,LMMTMMMMLMMMM
458,0.67106,DNNNNNNNNDRND
459,0.64301,RTTRKTRTTRRRQ
460,0.61007,SRHKKKKKHKNHH
461,0.61036,ILILLLIIILILM
462,0.54451,GSTSFGVGQGGTG
463,0.44744,-NKRH------NK
464,0.61170,SSTSSSNSHSSSN
465,0.66015,FFFFFFFLLFFFF
466,0.58172,EHQEETNKKTKQE
467,0.64021,IIIIIVVILVIII
468,0.74809,PPPPPPPPPPPPP
469,0.61724,PPPVVPSPVAAAS
470,0.61555,AAAAPAAATGGGA
471,0.67023,SSSSSASSCSSSS
472,0.65290,MLLLLLLLMYLML
473,0.58604,AQQNTPPPPSTSS
474,0.58356,VAAAAVVIVAVVL
475,0.65126,FIIIIFFFFFFFF
476,0.54933,YPPPPPPPPLFTD
477,0.49647,VYYLLVVVGIVTT
478,0.50971,GIILIVVVLLAVV
479,0.47182,GMICFFFFSTAAS
480,0.54173,LLLMMMMIIIIMV
481,0.53878,LIILLMLMFLLLL
482,0.51532,LFFSLIIILLITF
483,0.50691,TLFSSLLLIFTTW
484,0.51195,TVVLIAAALTLIT
485,0.58353,APPAPPPPSSAIP
486,0.53620,VLLLLTTILLVFV
487,0.68845,YYYYYYYYYNYYY
488,0.61037,DDEEENDDYEDDD
489,0.54425,RSTLFHHHSRRRQ
490,0.58421,VFFFFLLLVVAVF
491,0.53430,ALFGGLIIFFIFI
492,0.53954,IVVKKLIIVVMVI
493,0.63810,RPPRKPPPPPPKP
494,0.57600,LFLIILFFILFVL
495,0.56105,CAALSAAATTWAA
496,0.63757,KRRSSRRRRRKRR
497,0.60141,KKK-GKKKRRKKK
498,0.47807,LLLNNSVAILWFF
499,0.58821,FTTSNTTTTTKTT
500,0.53304,NGGENKKKGKGGR
501,0.49326,YHNRRTSTNKKLN
502,0.56764,PNDSSEEEPPPEE
503,0.53147,HSSSSTITHQ-RR
504,0.62086,GGGSSGGGGGGGG
505,0.56750,LIIFFIIVAIFIF
506,0.60528,RPSNNTTTSTSTT
507,0.62088,PPP--HHHQSSFQ
508,0.71317,LLLLLLLLLLLLL
509,0.70655,QTQKKQQQQQQHQ
510,0.75736,RRRRRRRRRRRRR
511,0.71303,IIIIIIIIVIIMM
512,0.71783,GGGGGGGGGGAGG
513,0.62071,LITYLTVVIVIII
514,0.71345,GGGGGGGGGGGGG
515,0.67919,LLLLLLLLLLLFL
516,0.63162,FFFAAVVVAVVVV
517,0.59571,FLLLLLLLVFLIV
518,0.61773,GSATSSSSSSSSS
519,0.61569,STTSSIIIIMTII
520,0.54163,MFFIVVVLIAAIF
521,0.61667,ASSSSAAASAGAA
522,0.68002,MMMMMMMMVMMTM
523,0.60313,AVVAAAAAAAALI
524,0.61204,VSAVVVVVWVAVT
525,0.67792,AAAASAAAAAAAA
526,0.65663,AAAAAAAAGAAGG
527,0.57641,LMLIILLLLVLFV
528,0.60461,VLVVVVVVFIVVL
529,0.72133,EEEEEEEEEEEEE
530,0.51629,LKKVATLINNQVV
531,0.63574,KKKKKKKKYAKKV
532,0.71319,RRRRRRRRRRRRR
533,0.58818,LRRKKKKKRRLKL
534,0.52994,RDEHHHQGHESSD
535,0.47690,TSSEEVVVYAVVY
536,0.40227,A----VAAA-AAV
537,0.31932,H----VRKI-KIK
538,0.17143,-----S-------
539,0.15958,-----C-------
540,0.15014,-----C-------
541,0.14760,-----S-------
542,0.25298,-----NEDQ--ET
543,0.28911,-----NASN--HH
544,0.32732,-----NGGG--GN
545,0.32580,A----SLLF--LA
546,0.33224,H----SLLE--LY
547,0.37369,G----SDDF-SDD
548,0.37768,PSFAVYSSNASKQ
549,0.37789,TVLVVSEKFVSPK
550,0.42229,VLEHHSEELNQHQ
551,0.45756,KDQNNSTTTNKT-
552,0.38473,TGNNNP--QDTI-
553,0.42580,LRVIFLLLMKLVI
554,0.52044,PIMKRPPPPKPPH
555,0.32223,--------D----
556,0.54331,LLLIIIIVLIIIM
557,0.61243,GSSSSTTTTSSSS
558,0.56499,FIIVVFFFAAVFI
559,0.63064,YFFFLLLLYFFLF
560,0.70673,LWWWWWWWWWLWW
561,0.61101,LIILLVIILLLLQ
562,0.56727,ITAEVAAALVVII
563,0.63597,PPPLFILLIPPPP
564,0.73622,QQQQQQQQQQQQQ
565,0.69577,YFFFYYYYYYFYY
566,0.59756,LLLVLVLLCFFGL
567,0.61354,IIIMMFFFLLLLL
568,0.55370,VFFLLLLLIVVHI
569,0.63764,GGGSSGGGGGGGG
570,0.52073,IILLVSSSIAAVC
571,0.60456,GSSSSAAAAGGAA
572,0.67504,EEEDDDDDEEEEE
573,0.56807,AMMMMLLLVAAAV
574,0.65305,LFFLLFFFFFFFF
575,0.61225,ITTTTTTTCAIMT
576,0.51508,YAAVLLLLIYYSF
577,0.54654,TVVGGAAAVVTII
578,0.68525,GGGGGGGGGGGGG
579,0.64536,QLLMMMLLLQQHQ
580,0.65690,LIVLLMLLLLLLL
581,0.73768,DEEEEEEEEEDEE
582,0.74145,FFFFFFFYFFFFF
583,0.72734,FFFFFFFFLFFFF
584,0.68267,LYYFYFFFYIIYY
585,0.63445,RKKRRTTTERTDD
586,0.70524,EQQEEEEEEEQQQ
587,0.63692,CSSSAAAAAASAA
588,0.68607,PASPPPPPPPPPP
589,0.59207,KKQASSSSDEKED
590,0.57117,GGSSNTSSARGSA
591,0.75630,MMMMMMMMMMMMM
592,0.62102,KEQRKRRRKKKRR
593,0.66578,GSSSSSSSSSTSS
594,0.61059,MFFMILLLIMMTL
595,0.56582,SLLSSAAAGSSAC
596,0.64652,TMTTTTTTSTTTS
597,0.59091,GAAAASSSAGGAA
598,0.62412,LLMLLLLLYLLLL
599,0.53086,LTTGGSSSAFFFS
600,0.59335,LYYWWWWWALLWL
601,0.53230,SCCCCAAALSTMT
602,0.58525,TSSSSSSSATTAT
603,0.52748,LYYTTLLLGILIV
604,0.60905,ASSAAAAAGSSSA
605,0.63690,LFFMLMLMLMLIL
606,0.70061,GGGGGGGGGGGGG
607,0.68915,FFFFFYYYCFFNN
608,0.74226,FYYFFYYYFFFYY
609,0.61882,FFLLLFLLAVVVL
610,0.70120,SSSSSSSSASSSS
611,0.70374,SSSSTSSSTSSTT
612,0.59303,VVVVTVVVILFLV
613,0.65507,LLLLLLMILLLLL
614,0.68577,VVVVVVVVNVVVV
615,0.59858,TSSEESPSNSSTT
616,0.55374,IVTVVAIIILILV
617,0.66210,VVVVTVVVVVVVV
618,0.59647,ENNNNNNNKDKHM
619,0.53497,KKRGAFRSARRKK
620,0.56918,FIVIVVVIAVVFI
621,0.64076,TTTTTTTTTTTST
622,0.48958,GSSGGGKGRDSAK
623,0.47754,KTS-RLSSDKTKK
624,0.46976,ASN-LNASSSSPN
625,0.39181,HVG-GHGGD-TDG
626,0.32243,-DS-HHQNG-DGK
627,0.18472,--G----------
628,0.18373,--T----------
629,0.24211,-SK----------
630,0.35390,-KE--NSTK-VSP
631,0.45204,PGG-QPPPS-GNG
632,0.68623,WWWWWWWWWWWWW
633,0.59788,ILLLLLLLLLLLI
634,0.50971,AGGRGLGRSRAPP
635,0.57851,DEDDGGEGQSDDD
636,0.48309,-NN-EE-K---N-
637,0.61166,DDDDDNKSNNNNN
638,0.62124,LLLLLLLIILILL
639,0.72134,NNNNNNNNNNNNN
640,0.61582,KKKEKQRRTKHRR
641,0.57378,GDDSTYNYGAGGG
642,0.68855,RRRRRHRKRRRRH
643,0.66519,LLLLLLLLFLLLL
644,0.66626,YDDEEEDDDNDED
645,0.65389,NLHLLRLYCYYYY
646,0.73595,FFFFFFFFLFFFF
647,0.75878,YYYYYYYYYYYYF
648,0.72239,WWWLVWWWWWWWY
649,0.69827,LLLVLLLLLLLLL
650,0.65398,VLLLLMMMLLLIL
651,0.63180,AAACCCCCTVVTA
652,0.57368,VVSVVVVVLVIVT
653,0.65988,LLLLLLLLLLLLL
654,0.60466,VSSNNSSSSGSQS
655,0.55182,ALFTTGVAFAGAF
656,0.59608,LLILLIVALLIVL
657,0.72175,NNNNNNNNNNNNN
658,0.68548,FFFLLFFFFFFLF
659,0.63989,LLFFLLLLCLVVL
660,0.62922,ISNNNHHHVIVYV
661,0.72929,FYYYYYYYFFYYY
662,0.67163,LLLIILLLLIILL
663,0.67071,VFFFFFFFWVIWW
664,0.68280,FWWWWWWWSFCCI
665,0.68765,SSSAAAAAAAAAS
666,0.60042,KRRKKSKMHMLKK
667,0.66218,WWWRRRRRRKWIR
668,0.66486,YNYYYYYYYHFYY
669,0.51338,VIS--VKKKQKTK
670,0.57375,YKC--YYYYYPYY
671,0.46277,KSD--RIRRKTKK
672,0.42677,ESP--SSSAAKPK
673,0.31922,KRS--NTTIDGVA
674,0.34852,RRA--QGGEVKQV
675,0.31647,LNT--GSSSIDVG
676,0.31440,ANH---IRETSHR
677,0.34296,ETH---SSEVVHA
678,0.31396,VNS-----DVESH
679,0.30796,GVA-----KVKK-
680,0.29733,IVE-----STEE-
681,0.27257,EGV-----SDND-
682,0.25950,LDN-----ADGS-
683,0.27105,DES-----VDKS-
684,0.24394,DNL-----LSGP-
685,0.24674,EIE------VFV-
686,0.21433,P-A------ESK-
687,0.20189,S-L------KVE-
688,0.23841,I-E------EEE-
689,0.19485,P-N------VDL-
690,0.20772,M-G------TCQ-
691,0.17812,G-E------K-L-
692,0.18469,H-I------K-S-
693,0.16871,--K------E-N-
694,0.16189,--D------S-R-
695,0.18067,--S------S-S-
696,0.15415,--T------E-L-
697,0.15529,--T------F-V-
698,0.16107,--E------E-D-
699,0.14181,--K------L-E-
700,0.12540,--P------K---
701,0.11803,--R------D---
702,0.12999,--I------I---
703,0.06782,---------P---